{
  "project_info": {
    "project_number": "1031321923698",
    "firebase_url": "https://shisha-bar-duisburg.firebaseio.com",
    "project_id": "shisha-bar-duisburg",
    "storage_bucket": "shisha-bar-duisburg.appspot.com"
  },
  "client": [
    {
      "client_info": {
        "mobilesdk_app_id": "1:1031321923698:android:9e46b2f4407845bdc952eb",
        "android_client_info": {
          "package_name": "com.budenkinder.shisha"
        }
      },
      "oauth_client": [
        {
          "client_id": "1031321923698-ojem8nbl2k2piil6beedkmfbsihdlivq.apps.googleusercontent.com",
          "client_type": 1,
          "android_info": {
            "package_name": "com.budenkinder.shisha",
            "certificate_hash": "ccb6b11c005088c67f62e59ceeced3e0ee6c5e89"
          }
        },
        {
          "client_id": "1031321923698-fhjplat6o0eokq7tmas9f86d095udgt1.apps.googleusercontent.com",
          "client_type": 3
        }
      ],
      "api_key": [
        {
          "current_key": "AIzaSyChO4S46DU7wx4goWPpwk3lxe4ACYX3mCk"
        }
      ],
      "services": {
        "appinvite_service": {
          "other_platform_oauth_client": [
            {
              "client_id": "1031321923698-fhjplat6o0eokq7tmas9f86d095udgt1.apps.googleusercontent.com",
              "client_type": 3
            }
          ]
        }
      }
    }
  ],
  "configuration_version": "1"
}